{
	"class_name" : "PinholeCameraParameters",
	"extrinsic" : 
	[
		-0.67434360933383608,
		-0.49812137709354554,
		0.54510163293925717,
		0.0,
		0.50867967855259888,
		-0.84847553243326757,
		-0.14606250542048121,
		0.0,
		0.53526225458016341,
		0.17878580632844776,
		0.8255482749526204,
		0.0,
		-0.055919414072135964,
		-1.1634520275366644,
		8.3482208007503722,
		1.0
	],
	"intrinsic" : 
	{
		"height" : 1168,
		"intrinsic_matrix" : 
		[
			1011.5176716202244,
			0.0,
			0.0,
			0.0,
			1011.5176716202244,
			0.0,
			959.5,
			583.5,
			1.0
		],
		"width" : 1920
	},
	"version_major" : 1,
	"version_minor" : 0
}